1,John Smith,Manager
2,Jose Rodriguez,Supervisor
3,Susan Miller,Supervisor
4,Rahul Brahim,Supervisor
5,Amy Lee,Supervisor
6,Ariel Dorsey,Associate
7,Mario Camarena,Associate
8,Erick Hansel,Associate
9,Nicky Cooke,Associate
10,Erin Osborne,Associate
11,Jamie Evans,Associate
12,Joe Wilson,Associate
13,Riley Chang,Associate
14,Gail Patel,Associate
15,Jessie Garrison,Associate
16,Elliot Levine,Associate
17,Steff Evans,Associate
18,Jake Hughes,Associate
19,Angel Butler,Associate
20,Addison Davies,Associate